250, Ivonne, Yang, ivonne.yang@gmail.com
254, Cristobal, Hutchinson, cristobal.hutchinson@gmail.com
256, Erma, Salinas, erma.salinas@gmail.com
257, Earl, Stanley, earl.stanley@gmail.com
262, Rubin, Decker, rubin.decker@gmail.com
264, Mariela, Huffman, mariela.huffman@gmail.com
266, Myung, Hooper, myung.hooper@gmail.com
273, Queenie, Vance, queenie.vance@gmail.com
274, Josh, Shaw, josh.shaw@gmail.com
278, Myesha, Burgess, myesha.burgess@gmail.com
285, Leola, Gould, leola.gould@gmail.com
286, Virgil, Frost, virgil.frost@gmail.com
290, Barry, Buckner, barry.buckner@gmail.com
291, Boyce, Burks, boyce.burks@gmail.com
297, Christia, Carson, christia.carson@gmail.com
298, Jennie, Middleton, jennie.middleton@gmail.com
302, Hayden, Cross, hayden.cross@gmail.com
304, Jayme, Zamora, jayme.zamora@gmail.com
310, Gilberto, Parsons, gilberto.parsons@gmail.com
328, Bettie, Glover, bettie.glover@gmail.com
332, Reena, Higgins, reena.higgins@gmail.com
338, Abbey, Pugh, abbey.pugh@gmail.com
340, Yanira, Bradshaw, yanira.bradshaw@gmail.com
346, Jacalyn, Barnett, jacalyn.barnett@gmail.com
347, Kanesha, Hudson, kanesha.hudson@gmail.com
349, Mable, Pratt, mable.pratt@gmail.com
351, Margorie, Wynn, margorie.wynn@gmail.com
352, Josef, Greer, josef.greer@gmail.com
363, Kaci, Gallegos, kaci.gallegos@gmail.com
371, Loni, Duncan, loni.duncan@gmail.com
375, Yan, Trevino, yan.trevino@gmail.com
377, Klara, Mosley, klara.mosley@gmail.com
389, Leif, Short, leif.short@gmail.com
391, Vernita, Ball, vernita.ball@gmail.com
392, Cyndi, Bush, cyndi.bush@gmail.com
394, Virgen, Clemons, virgen.clemons@gmail.com
